id,xmin,xmax,ymin,ymax
1-B2281BZG.xml,355,496,421,497
1-D1326RP.jpg,456,529,378,455
1-DK1267FBC.xml,242,450,502,576
1-K8476MH.xml,227,357,376,418
1-AA8539M.jpg,431,518,447,478
1-AB1463UG.xml,464,541,420,451
1-B9319NAL.jpg,178,347,391,443
1-B1541PZR.jpg,236,419,260,398
1-F1110AAP.jpg,143,315,435,516
1-B1882NKX.xml,297,404,297,338
1-B1606NZN.jpg,330,463,286,366
1-B1194SJW.xml,183,365,417,490
1-B1517WZI.jpg,179,379,430,531
1-AD8432HM.jpg,60,155,389,450
1-B1706VKZ.jpg,160,360,440,509
1-B2392SBN.jpg,200,389,512,570
1-G1627IC.xml,448,537,432,467
1-B2859SKP.jpg,282,475,292,349
1-D1297YBK.jpg,58,112,347,396
1-AB1404XY.jpg,210,391,448,503
1-B1027SYM.jpg,207,411,503,575
1-B1782WKS.xml,386,548,336,422
1-B1953TYE.jpg,185,302,430,475
1-G8519VB.xml,451,534,437,468
1-B8867DL.jpg,228,427,466,517
1-E8643YA.xml,150,274,328,366
1-B1368PZZ.jpg,103,230,375,443
1-B1624NZA.jpg,284,473,332,390
1-B1706VKZ.xml,160,360,440,509
1-A1271DE.xml,284,444,334,420
1-B9146TCH.jpg,446,600,540,600
1-B1509RKC.jpg,214,393,515,576
1-B1725BKI.jpg,129,249,387,431
1-B2512KKP.xml,250,416,476,547
1-B2009SKQ.jpg,75,190,390,455
1-S1196SE.xml,209,365,417,462
1-B2469SKZ.jpg,463,563,284,337
1-AB1368WN.xml,443,537,390,425
1-B1210SKE.jpg,69,202,454,507
1-L1463NZ.xml,215,383,450,497
1-B1667NOL.xml,187,301,398,442
1-B1080NIH.jpg,236,384,430,482
1-B1439TRB.jpg,57,198,454,524
1-B2400STY.xml,320,536,381,440
1-B2138KBG.jpg,250,405,408,450
1-B1723SYN.xml,207,362,496,558
1-B1457WON.xml,109,248,338,397
1-B1725BKI.xml,129,249,387,431
1-AB1213CO.xml,73,127,407,441
1-E1099CQ.jpg,38,122,410,489
1-B2255PFS.jpg,248,463,534,581
1-E1797PT.jpg,466,545,461,489
1-B1056NZL.xml,432,598,520,587
1-L1969DH.jpg,256,416,478,528
1-B1977SR.xml,284,486,300,410
1-D1776TU.jpg,492,567,351,427
1-AB1902KY.jpg,156,352,430,530
1-B1558NZN.jpg,259,431,228,352
1-H9361EW.xml,240,379,423,466
1-B1512WZM.xml,366,490,345,393
1-AB1201UN.jpg,433,590,373,531
1-AA9154CK.jpg,469,556,428,491
1-AB1145JF.jpg,462,539,455,482
1-K8619TF.jpg,242,339,403,444
1-H8766HS.jpg,239,338,397,437
1-B1013ERH.jpg,168,373,501,570
1-AB1703QQ.jpg,364,464,430,458
1-R8480ZH.jpg,415,477,443,477
1-B2737UOQ.xml,88,234,365,458
1-BK1704UMY.xml,210,368,467,524
1-AA8378AD.jpg,447,515,446,507
1-F1382ND.xml,224,366,466,501
1-B1971WKS.xml,448,587,505,566
1-G8519VB.jpg,451,534,437,468
1-B1699VJC.jpg,141,275,420,465
1-W1697SC.xml,475,597,134,310
1-B2883SZI.jpg,89,217,344,390
1-B7267BDB.xml,246,392,468,511
1-L1309VA.xml,222,363,420,462
1-D312YTI.jpg,52,120,451,481
1-B9298PAB.jpg,203,402,234,292
1-A1801ZO.xml,461,554,320,405
1-F1026FAM.jpg,220,393,520,580
1-B2462UFA.jpg,303,590,481,544
1-B1206ZFB.jpg,272,415,408,492
1-KT1362LY.xml,486,567,382,439
1-B1859TCY.jpg,246,396,379,459
1-B1042JVE.xml,80,200,392,449
1-B2874KZD.xml,507,575,267,314
1-K8476MH.jpg,227,357,376,418
1-B2694SKX.jpg,227,376,471,526
1-AE384NJ.jpg,73,165,350,409
1-BK1638EKL.jpg,164,369,427,484
1-L1977TX.jpg,399,516,521,574
1-AB1740NX.jpg,51,162,290,351
1-B1469SSK.jpg,58,257,397,474
1-B1138WJG.jpg,123,269,335,381
1-B2249KKY.jpg,295,480,364,424
1-AD9166GS.xml,165,375,531,579
1-F1644DL.jpg,223,443,505,564
1-B1374WKQ.xml,215,373,500,562
1-B1276TJW.xml,261,438,508,562
1-D1688AFX.jpg,515,577,380,467
1-AD8045IZ.xml,39,98,430,470
1-H7393YI.jpg,501,599,390,461
1-B1811BJS.xml,451,589,402,460
1-B1986VOS.xml,291,482,462,541
1-B2076SIF.xml,1,89,410,504
1-B9088NAO.xml,323,459,370,428
1-B1933WZD.xml,257,421,412,490
1-BK1121CIE.jpg,226,467,514,576
1-AD1028YG.jpg,106,234,346,400
1-AD9214YB.jpg,55,151,395,465
1-B1339FMO.xml,326,482,396,443
1-F1437AAO.jpg,153,322,452,502
1-B1990NZG.jpg,207,387,498,550
1-BK1608ADV.jpg,453,589,423,523
1-R9312KH.jpg,404,515,432,514
1-L1525RS.jpg,228,367,382,422
1-AD1657GR.xml,6,126,338,421
1-D1630CF.jpg,499,557,325,382
1-B2581TYT.xml,277,406,414,462
1-L1897JL.jpg,209,398,410,464
1-B1781SYP.xml,93,193,306,347
1-B1276FAB.xml,225,405,470,546
1-B1873ZKU.jpg,207,403,370,477
1-L1633PB.xml,111,300,478,551
1-B2360SRQ.jpg,203,388,455,523
1-AD8732EP.jpg,359,513,410,490
1-AB1143DF.jpg,390,497,390,426
1-DA8833PH.xml,205,355,450,525
1-B1171WKI.xml,73,203,401,468
1-B1975RFJ.xml,264,393,236,309
1-B1684WZQ.jpg,169,346,332,397
1-L1792QR.xml,180,311,408,449
1-L1795GG.xml,336,467,490,544
1-B1164TIH.jpg,437,520,442,469
1-B1614WOF.jpg,79,175,367,430
1-B1721NJH.jpg,167,327,347,442
1-B1151ZJC.jpg,187,379,448,510
1-AB1841PY.xml,395,511,390,459
1-AB1201UN.xml,433,590,373,531
1-D1295DY.xml,403,470,399,448
1-AD8704WP.xml,216,375,466,506
1-D1546FS.jpg,261,486,455,526
1-S1379JI.xml,58,128,466,499
1-B1844WKR.jpg,239,429,328,398
1-H1254DP.jpg,223,386,378,420
1-AD9440KT.jpg,47,159,344,423
1-B2009SKQ.xml,75,190,390,455
1-L1834ABM.xml,73,207,356,422
1-H8967BS.jpg,243,341,386,423
1-BK1942ACG.jpg,151,367,394,458
1-B2797SIR.xml,201,357,380,437
1-B1039COQ.xml,302,448,308,354
1-B2392SBN.xml,200,389,512,570
1-L1751SE.xml,203,395,381,442
1-B1977SR.jpg,284,486,300,410
1-AD1657GR.jpg,6,126,338,421
1-D1630CF.xml,499,557,325,382
1-G1193AX.jpg,186,384,472,536
1-B1518NES.xml,173,300,494,557
1-L1488YW.jpg,169,377,443,519
1-R8578VH.xml,357,506,431,504
1-AB1155CC.xml,60,180,484,562
1-B1572NRV.jpg,151,362,430,494
1-BK1318GX.jpg,231,423,421,501
1-B2433WGY.jpg,154,339,359,418
1-H8207RG.jpg,210,397,417,461
1-DK1344SM.jpg,229,452,477,562
1-B8867DL.xml,228,427,466,517
1-L1689PS.xml,140,334,458,538
1-E1041RO.xml,220,412,443,504
1-L1411KE.xml,153,320,486,541
1-B2512KKP.jpg,250,416,476,547
1-B1042JUN.xml,85,256,410,464
1-H9269TQ.xml,466,547,428,508
1-AB1894FG.jpg,454,558,430,527
1-B1037WZS.jpg,453,591,351,399
1-B1253WIC.xml,222,373,454,506
1-G8853QC.xml,239,334,358,395
1-D1360NV.jpg,512,570,337,409
1-H9213FW.jpg,57,148,413,470
1-DK1537ET.xml,254,438,378,452
1-B1687WZE.jpg,476,593,477,530
1-L9IA.xml,223,388,480,533
1-B9913NCG.jpg,349,452,364,399
1-D1235QW.xml,403,489,376,434
1-B1505VMR.jpg,334,503,423,486
1-R9474TK.jpg,71,181,449,517
1-B1512WZM.jpg,366,490,345,393
1-A1271DE.jpg,284,444,334,420
1-B1151ZJC.xml,187,379,448,510
1-AB1780YY.xml,300,433,362,426
1-H8658RC.xml,243,493,482,538
1-KT1955YH.jpg,397,553,362,438
1-B1326SLP.jpg,157,387,478,562
1-H9325MD.jpg,473,549,412,442
1-AB1615NY.jpg,466,557,387,455
1-B1199EOY.jpg,469,534,442,498
1-D7225AT.xml,375,481,426,467
1-B555RSK.jpg,364,533,498,552
1-B1116WLR.xml,446,593,490,559
1-H9168NH.xml,188,399,483,535
1-B2517KOA.jpg,226,400,409,464
1-F1343PA.xml,310,517,363,423
1-D1365LK.xml,97,166,363,440
1-D1256AEP.xml,455,541,487,533
1-B2367SJB.xml,203,379,351,407
1-B2378FFQ.jpg,227,375,482,540
1-B1052TMN.xml,83,293,494,591
1-AA8615LL.jpg,384,471,381,438
1-L1593ES.xml,277,392,376,411
1-DK1443XX.xml,207,406,527,595
1-B1214NRD.jpg,266,427,367,452
1-KT8507LM.jpg,152,290,355,421
1-BK1213XX.xml,95,227,454,538
1-B1044NZL.jpg,217,399,389,452
1-D1349YTO.jpg,27,121,350,440
1-B2001POG.xml,287,466,443,533
1-B2776BKA.xml,215,378,441,489
1-B1770QM.jpg,137,279,233,282
1-H8658RC.jpg,243,493,482,538
1-H1014LF.jpg,243,348,408,448
1-B2711FFI.jpg,228,465,473,533
1-DK1453FO.jpg,239,477,464,562
1-AB1148UV.xml,418,504,450,483
1-B1458WJD.jpg,139,411,478,552
1-L1792QR.jpg,180,311,408,449
1-B9408PSC.jpg,403,523,306,350
1-F1328LW.jpg,87,220,381,471
1-D312YTI.xml,52,120,451,481
1-B1579URQ.xml,182,428,488,550
1-B1393WKJ.xml,323,467,281,330
1-KT1076KM.jpg,179,306,307,349
1-B1059KCT.xml,225,376,432,494
1-AB1295YY.jpg,445,555,344,426
1-B2468BFE.jpg,122,347,524,594
1-AB1233AA.xml,124,299,433,490
1-K1079AE.xml,208,344,423,462
1-AA1656AJ.xml,454,529,452,502
1-D1122GU.jpg,490,561,326,398
1-B27FFA.jpg,167,331,526,579
1-D1870ABO.xml,284,396,411,450
1-F1644OZ.xml,233,372,440,482
1-D1870ABO.jpg,284,396,411,450
1-AB1820VY.xml,109,285,480,561
1-B2870BJC.jpg,77,194,385,471
1-B1469SSK.xml,58,257,397,474
1-B1374NGZ.xml,188,329,402,450
1-D1109AEB.jpg,122,195,369,424
1-B2264BZN.jpg,219,387,470,519
1-D1767TX.xml,49,116,426,471
1-D1489US.jpg,462,545,394,457
1-B1313NRW.jpg,387,545,514,600
1-B2313SOM.xml,109,270,327,380
1-H8967BS.xml,243,341,386,423
1-BK1573MX.xml,194,338,424,482
1-AB1404XY.xml,210,391,448,503
1-B2142BZO.xml,116,427,475,555
1-B1664WJC.jpg,290,487,306,375
1-B2367SJB.jpg,203,379,351,407
1-AA9442CC.jpg,390,489,423,454
1-AA8716RF.jpg,399,498,466,497
1-DA1086CF.jpg,241,333,379,430
1-AB1237QY.jpg,100,236,398,451
1-B555RSK.xml,364,533,498,552
1-AB1902KY.xml,156,352,430,530
1-H1670AQ.jpg,197,371,464,523
1-A64M.jpg,57,166,304,379
1-H7393YI.xml,501,599,390,461
1-B2420SOV.xml,239,433,525,583
1-F1305NUY.xml,61,153,375,456
1-AA1833FC.jpg,416,515,378,414
1-D1482ABU.jpg,499,564,360,444
1-DA1808PV.jpg,199,386,362,441
1-L1356AC.xml,230,369,428,472
1-G1998SB.jpg,69,147,467,498
1-B2207KBL.jpg,483,600,294,338
1-B1378CBB.xml,419,582,204,309
1-B2643UON.jpg,185,390,471,535
1-H1195MW.xml,243,358,405,442
1-B1955NOX.xml,420,522,352,409
1-AD9391HM.jpg,221,420,421,495
1-B1677RC.jpg,429,563,222,314
1-B2170SFI.jpg,465,557,370,465
1-B1912SSM.jpg,403,551,347,428
1-G9390VP.jpg,451,531,442,474
1-AB1570KT.jpg,383,450,382,435
1-B17RAW.xml,280,469,445,516
1-D1078XGW.xml,112,174,393,446
1-KT8120EO.xml,62,182,398,486
1-B1664WJC.xml,290,487,306,375
1-B1150COT.xml,290,411,420,466
1-B401RSR.xml,467,584,282,351
1-B1247BJY.xml,218,400,488,550
1-B1911QS.xml,32,134,430,484
1-B1396WZU.jpg,275,441,365,457
1-AB1615NY.xml,466,557,387,455
1-B2400STY.jpg,320,536,381,440
1-B1089QR.jpg,74,183,274,311
1-H1186TR.jpg,248,345,388,425
1-BK1445ABT.jpg,163,342,450,509
1-B2433WGY.xml,154,339,359,418
1-AA8716RF.xml,399,498,466,497
1-AB1058EB.xml,394,488,433,462
1-R9071ZH.xml,179,360,537,600
1-B2982BOI.jpg,92,301,455,519
1-B1769WZM.jpg,259,400,165,252
1-D234LG.jpg,86,177,394,462
1-D8533FN.jpg,190,384,499,570
1-B2994UZO.jpg,202,396,470,527
1-H8495SP.jpg,36,183,250,322
1-B1343NZD.jpg,107,331,486,546
1-KT8120EO.jpg,62,182,398,486
1-AD9037TP.jpg,242,397,454,501
1-B2462UFA.xml,303,590,481,544
1-B2581TYT.jpg,277,406,414,462
1-L1159CO.xml,344,504,396,474
1-B9746NAJ.jpg,139,288,400,455
1-D1425RB.xml,127,178,422,480
1-DK1443XX.jpg,207,406,527,595
1-B1039COQ.jpg,302,448,308,354
1-AG1051EH.jpg,227,336,390,423
1-B1597KJB.xml,1,105,377,442
1-DP1606CH.jpg,27,142,362,482
1-AA8615LL.xml,384,471,381,438
1-DK1515XX.jpg,217,418,478,546
1-AB1524ER.xml,210,390,440,493
1-H1481QR.jpg,222,369,390,426
1-B1596URH.jpg,259,453,418,559
1-B1778PRO.jpg,358,515,430,529
1-P1463GI.xml,221,356,409,449
1-B2859SKP.xml,282,475,292,349
1-AD9108AR.xml,196,382,457,506
1-B2576UZJ.xml,151,305,283,355
1-B2347UOK.xml,412,580,350,442
1-H1195MW.jpg,243,358,405,442
1-D1014VCB.jpg,229,353,426,477
1-D1656QW.xml,74,134,405,465
1-DA8833PH.jpg,205,355,450,525
1-E8643YA.jpg,150,274,328,366
1-B1091BYY.jpg,155,358,535,596
1-B2188FFT.jpg,215,397,504,576
1-AB1788GY.xml,394,488,446,478
1-G8755FM.jpg,48,136,455,490
1-L172BM.xml,94,157,344,396
1-B1199EOY.xml,469,534,442,498
1-BK1399ZK.jpg,247,388,380,430
1-DK1371JC.xml,203,402,454,521
1-B55RSK.jpg,200,393,501,592
1-P1463GI.jpg,221,356,409,449
1-B1984WIA.jpg,383,513,229,277
1-B2701BIP.xml,357,516,342,422
1-B1910NZM.jpg,168,347,473,530
1-B2918CBA.jpg,231,379,431,474
1-B1385TR.xml,123,257,332,375
1-B275ANI.xml,184,352,279,332
1-B1966COQ.xml,267,412,326,395
1-AD8432HM.xml,60,155,389,450
1-B2469SKZ.xml,463,563,284,337
1-B2290TRG.xml,150,374,399,496
1-G9269BE.xml,427,518,447,479
1-AD9251RR.xml,378,557,456,509
1-AB1143DF.xml,390,497,390,426
1-B1781SYP.jpg,93,193,306,347
1-L1962DE.xml,111,178,363,423
1-B2243SKX.jpg,215,399,529,590
1-AD8888GU.xml,194,367,495,593
1-H1522TE.jpg,236,374,393,426
1-AB1400XX.xml,265,454,425,485
1-B123YUN.xml,103,245,272,314
1-AD8015QB.xml,461,527,470,494
1-D1807BF.xml,59,137,416,471
1-AA1896AC.jpg,431,513,434,466
1-B179UTA.jpg,132,284,470,581
1-L1309VA.jpg,222,363,420,462
1-R9071ZH.jpg,179,360,537,600
1-D1385YBO.jpg,485,568,372,455
1-B9319NAL.xml,178,347,391,443
1-R7114SS.jpg,37,102,420,449
1-B1876NYV.xml,202,352,379,425
1-B1413WBC.xml,169,386,433,551
1-L1890XJ.jpg,227,385,435,486
1-B1516VOV.xml,122,253,337,392
1-B1858EYH.jpg,371,536,303,357
1-A1587EB.jpg,215,387,495,562
1-B1013ERH.xml,168,373,501,570
1-L1520B.xml,194,386,522,579
1-L9IA.jpg,223,388,480,533
1-KT1069OD.jpg,225,345,425,458
1-B1572NRV.xml,151,362,430,494
1-B2643UON.xml,185,390,471,535
1-B1542NKR.jpg,208,387,284,335
1-AB1508DJ.xml,56,122,436,478
1-H8576TQ.jpg,80,123,392,460
1-B1579URQ.jpg,182,428,488,550
1-AB1237GX.xml,411,501,445,478
1-B9429NAM.xml,121,309,394,502
1-AD9108AR.jpg,196,382,457,506
1-D1054ABM.xml,70,145,408,466
1-D1325SD.jpg,94,171,362,424
1-B1940COH.jpg,207,322,433,472
1-B1258WZR.xml,246,458,480,529
1-A1233XE.jpg,249,391,383,436
1-B2967TZT.xml,219,411,441,510
1-B1879PYN.xml,148,295,452,504
1-B1151URZ.xml,376,503,384,450
1-BK1412RL.xml,255,411,410,466
1-H1405HP.jpg,233,375,404,439
1-AB1083BP.xml,199,501,464,524
1-L1111G.jpg,370,531,439,515
1-B2418TOL.xml,222,431,516,567
1-D1122GU.xml,490,561,326,398
1-B2174KZM.xml,330,488,328,377
1-BA1522IV.xml,99,194,376,473
1-AD8147EC.xml,443,512,423,452
1-B9087PSE.xml,78,170,279,338
1-B1179PJL.jpg,211,389,421,476
1-B2347UOK.jpg,412,580,350,442
1-B2776BKA.jpg,215,378,441,489
1-D1022ADI.xml,408,499,403,454
1-B7129EDA.jpg,398,492,471,534
1-F1110AAP.xml,143,315,435,516
1-B1673NOI.xml,440,543,390,442
1-AB1703QQ.xml,364,464,430,458
1-B1522WKQ.jpg,119,275,495,570
1-B2413SOH.jpg,235,434,483,588
1-R8578VH.jpg,357,506,431,504
1-G8975NC.jpg,384,483,423,454
1-B1276TJW.jpg,261,438,508,562
1-H8003AM.xml,426,494,422,457
1-AG1802ED.xml,468,532,418,457
1-B1223WIG.xml,433,528,397,464
1-B2833UKR.xml,262,412,439,497
1-AD9214YB.xml,55,151,395,465
1-G1281FC.jpg,459,542,408,442
1-DA7017PM.jpg,253,375,474,516
1-AB1959AF.jpg,228,397,401,457
1-H9015NQ.jpg,203,350,473,545
1-AB1156ER.jpg,137,355,393,461
1-B1685WYF.jpg,303,449,252,338
1-DA1501WF.jpg,146,298,413,478
1-W1852XH.xml,206,416,479,544
1-BK1326OC.jpg,270,430,346,394
1-BM888NG.jpg,390,534,411,466
1-AD9432IF.jpg,46,135,448,504
1-B2358SZS.jpg,234,436,496,547
1-B1132DKD.xml,93,247,318,374
1-BA1319WA.jpg,265,432,454,509
1-B1092WZZ.jpg,95,296,411,486
1-AA1210MB.jpg,475,542,366,412
1-B2508BYB.xml,227,512,505,586
1-B2993SXN.xml,389,507,270,325
1-G9322BJ.xml,65,127,448,488
1-E1505KZ.xml,380,462,410,446
1-AB1371TE.jpg,78,142,462,501
1-B1496WIA.xml,63,209,229,327
1-B2358SZS.xml,234,436,496,547
1-H9261DW.xml,234,373,422,462
1-AD1679RI.jpg,86,177,391,442
1-AB1237GX.jpg,411,501,445,478
1-D1235QW.jpg,403,489,376,434
1-G8570SC.jpg,65,134,410,451
1-B1210SKE.xml,69,202,454,507
1-B2253BKC.jpg,240,459,402,471
1-AA9196ZB.xml,407,496,437,468
1-B1031BZX.jpg,342,493,433,501
1-H9325MD.xml,473,549,412,442
1-B1803TYE.xml,129,299,329,389
1-B1110PIR.jpg,338,505,352,418
1-B2360SRQ.xml,203,388,455,523
1-B2632BYX.xml,231,443,315,377
1-AD1028YG.xml,106,234,346,400
1-B1879PYN.jpg,148,295,452,504
1-B1532WAB.xml,82,275,460,537
1-B2710KVG.xml,252,382,415,465
1-B1275SAE.jpg,36,152,508,554
1-B1214NRD.xml,266,427,367,452
1-BM888NG.xml,390,534,411,466
1-AB1665DA.jpg,471,538,462,495
1-B9566BAT.xml,327,515,526,595
1-H1928JY.jpg,254,361,443,481
1-G8756ZP.xml,237,344,397,443
1-B1673NOI.jpg,440,543,390,442
1-D8533FN.xml,190,384,499,570
1-L1768QO.jpg,309,471,470,535
1-B1179PJL.xml,211,389,421,476
1-B2612BEN.jpg,195,356,281,358
1-B1272WZU.xml,256,430,402,458
1-H9261DW.jpg,234,373,422,462
1-H8511PS.jpg,230,374,380,416
1-KT1905LZ.xml,16,163,310,390
1-B989CRA.xml,313,484,405,462
1-B1976WYD.xml,73,186,359,403
1-AD8147EC.jpg,443,512,423,452
1-B1699PKR.jpg,67,134,321,387
1-B7048ZBA.jpg,182,323,506,563
1-DK1997QL.xml,275,504,492,576
1-D1325SD.xml,94,171,362,424
1-AA8092AD.xml,434,523,424,460
1-B1558NZN.xml,259,431,228,352
1-B1687WZE.xml,476,593,477,530
1-B2253BKC.xml,240,459,402,471
1-AB1841PY.jpg,395,511,390,459
1-B2280SGX.xml,212,370,333,426
1-B1574UGY.xml,120,322,456,505
1-D1128IQ.xml,510,575,320,398
1-D1128IQ.jpg,510,575,320,398
1-B2611S.xml,169,332,387,444
1-AB1979XQ.jpg,435,513,448,476
1-AD1679RI.xml,86,177,391,442
1-B1986VOS.jpg,291,482,462,541
1-B1457WON.jpg,109,248,338,397
1-B2343STJ.xml,188,357,393,449
1-B2965PKJ.jpg,219,365,391,439
1-AB1730UE.xml,400,495,437,474
1-F1587NW.xml,35,198,481,525
1-H8663AZ.jpg,408,511,447,478
1-B1672NIE.jpg,448,530,446,474
1-B2457CBC.jpg,341,468,379,426
1-B1100SSL.jpg,473,594,386,440
1-B1042JUN.jpg,85,256,410,464
1-AA8508UD.jpg,411,508,389,426
1-B1247BJY.jpg,218,400,488,550
1-B2708BZS.xml,452,553,294,365
1-B8054EX.jpg,103,269,398,479
1-B2174KZM.jpg,330,488,328,377
1-AD9440RU.xml,114,375,522,582
1-B2002HI.xml,125,380,424,490
1-AB1524ER.jpg,210,390,440,493
1-R9312KH.xml,404,515,432,514
1-AD9112WF.jpg,435,507,348,395
1-A7017ZA.jpg,270,402,439,478
1-B1864WIC.jpg,358,517,266,326
1-B1142WIC.xml,199,363,277,330
1-AG1802ED.jpg,468,532,418,457
1-B1180NJJ.jpg,215,388,374,477
1-DK1899FAB.jpg,223,435,507,574
1-F1368FAL.jpg,65,248,432,486
1-S1196SE.jpg,209,365,417,462
1-B1816WFR.jpg,83,335,485,541
1-B7048ZBA.xml,182,323,506,563
1-AA9176TD.jpg,501,560,400,444
1-D1749ND.jpg,492,575,290,400
1-R9155HS.xml,390,454,415,485
1-B1773PZU.jpg,105,236,434,480
1-BA1644OT.xml,436,550,395,461
1-G1021DA.xml,445,529,384,412
1-W1317CG.jpg,466,595,390,478
1-B2243SKX.xml,215,399,529,590
1-P1652ID.jpg,67,150,445,506
1-AD9440RU.jpg,114,375,522,582
1-B1523WKL.xml,237,422,342,442
1-L1696JE.jpg,67,139,454,507
1-B100LUZ.jpg,387,542,403,452
1-B1427SSU.xml,200,335,525,584
1-H1272UA.jpg,234,378,377,414
1-G9269BE.jpg,427,518,447,479
1-B1495PLP.jpg,143,381,414,474
1-L1795GG.jpg,336,467,490,544
1-G1937MN.jpg,448,534,421,451
1-D1425RB.jpg,127,178,422,480
1-KT1013WJ.xml,1,112,360,451
1-B2870BJC.xml,77,194,385,471
1-AD415NA.xml,195,379,416,470
1-BK1337AE.xml,200,401,456,526
1-BK1121CIE.xml,226,467,514,576
1-B2207KBL.xml,483,600,294,338
1-L1106MO.jpg,434,499,344,401
1-K8619TF.xml,242,339,403,444
1-AB1391WY.xml,407,496,447,479
1-AA1480WZ.jpg,231,416,253,311
1-B1042JVE.jpg,80,200,392,449
1-B1276FAB.jpg,225,405,470,546
1-D1504XGO.jpg,209,369,480,538
1-H8301JA.jpg,243,339,447,486
1-L1617DF.jpg,204,399,454,503
1-AB1959AF.xml,228,397,401,457
1-DK1134ABC.xml,13,253,496,595
1-L1659IA.jpg,233,403,357,405
1-L1286QA.xml,177,325,397,444
1-DK1371JC.jpg,203,402,454,521
1-AD8856IF.xml,440,556,415,500
1-B1089QR.xml,74,183,274,311
1-AA8987KL.xml,404,496,442,490
1-B123WOS.xml,197,367,358,446
1-B1320NBJ.jpg,343,419,327,363
1-B1086SAJ.jpg,112,357,459,522
1-L1577FJ.jpg,185,365,481,529
1-L1705EA.jpg,439,576,299,413
1-L1106MO.xml,434,499,344,401
1-F1328LW.xml,87,220,381,471
1-L1013YK.jpg,400,508,468,525
1-F1253IR.xml,422,485,410,452
1-B2145PKC.xml,350,467,458,513
1-B1134COY.xml,155,334,224,305
1-B2291SKU.xml,95,300,481,540
1-B1542NKR.xml,208,387,284,335
1-D1335GM.xml,531,600,349,424
1-B2620TKH.jpg,305,526,478,562
1-B2708BZS.jpg,452,553,294,365
1-B902FBR.xml,56,140,370,467
1-B1077ZFQ.jpg,69,447,491,551
1-DD119BW.jpg,7,220,386,498
1-B1340WIF.xml,171,279,245,288
1-L1768QO.xml,309,471,470,535
1-B9408PSC.xml,403,523,306,350
1-AB1792LZ.xml,134,304,435,516
1-H9269TQ.jpg,466,547,428,508
1-B2338BBG.jpg,210,384,368,462
1-B9307KRV.jpg,243,412,306,420
1-BK710ADE.jpg,332,489,438,523
1-D1054ABM.jpg,70,145,408,466
1-H8495SP.xml,36,183,250,322
1-B1677RC.xml,429,563,222,314
1-F1831JY.jpg,211,387,462,520
1-B1058TMD.jpg,443,523,460,489
1-B1685WYF.xml,303,449,252,338
1-B2678UBI.xml,199,388,387,445
1-AB1508DJ.jpg,56,122,436,478
1-AG1676FK.jpg,103,221,411,485
1-B9913NCG.xml,349,452,364,399
1-B1326SLP.xml,157,387,478,562
1-AA1656AJ.jpg,454,529,452,502
1-B1050WON.xml,17,164,483,540
1-G1998SB.xml,69,147,467,498
1-S1379JI.jpg,58,128,466,499
1-AB1616EB.xml,424,509,464,496
1-W1535AZ.xml,477,559,325,389
1-DK1317QE.xml,225,438,517,600
1-B2874KZD.jpg,507,575,267,314
1-H1235NF.xml,12,146,402,504
1-B1193TCZ.xml,255,413,325,373
1-B1249VKO.jpg,184,315,430,479
1-KT1157KG.jpg,240,383,384,434
1-K8941AK.xml,236,417,461,515
1-B1385TR.jpg,123,257,332,375
1-H7450SY.xml,253,506,443,514
1-AD8460FK.xml,71,145,399,490
1-D1568HP.jpg,490,564,335,415
1-AB1792LZ.jpg,134,304,435,516
1-B1858EYH.xml,371,536,303,357
1-B1746WZS.jpg,150,343,467,533
1-B7267BDB.jpg,246,392,468,511
1-B2421KZE.jpg,288,474,430,482
1-L1253S.xml,206,389,490,545
1-AA8566NK.jpg,87,145,427,466
1-D1713LF.xml,486,556,343,410
1-AD1289M.xml,413,500,449,482
1-H222AR.jpg,27,120,442,522
1-AA9436ML.xml,440,526,430,463
1-AB1909VY.jpg,426,512,420,452
1-G8428CZ.jpg,428,517,453,483
1-B2517KOA.xml,226,400,409,464
1-B1773PZU.xml,105,236,434,480
1-H8766HS.xml,239,338,397,437
1-AB1338MX.xml,102,176,343,440
1-B1395WOU.jpg,447,545,403,471
1-L1977TX.xml,399,516,521,574
1-L1787ZI.jpg,131,281,447,524
1-P1652ID.xml,67,150,445,506
1-L1787ZI.xml,131,281,447,524
1-H1843CA.xml,235,379,400,441
1-B1622WYM.xml,323,513,296,356
1-AD1088AW.jpg,95,239,288,352
1-K1047HG.jpg,441,529,439,471
1-L172BM.jpg,94,157,344,396
1-G8897QA.xml,415,485,380,430
1-B9249BUB.jpg,205,381,427,481
1-D1489US.xml,462,545,394,457
1-B2942TOH.xml,394,560,404,499
1-B1315VKY.xml,219,433,500,552
1-D1369XGG.jpg,470,541,324,403
1-AB1156ER.xml,137,355,393,461
1-BK1379HX.jpg,231,375,408,461
1-KT1955YH.xml,397,553,362,438
1-B2140FFO.jpg,223,376,426,471
1-L1488YW.xml,169,377,443,519
1-D1724ACJ.xml,250,451,316,375
1-B123YUN.jpg,103,245,272,314
1-B1137WUO.jpg,192,408,383,505
1-DA1849TAZ.jpg,305,437,413,469
1-B2833UKR.jpg,262,412,439,497
1-B2665FFB.jpg,236,371,378,444
1-B1208AU.jpg,123,271,444,518
1-B1147PYP.jpg,213,363,505,597
1-L1525RS.xml,228,367,382,422
1-F1368FAL.xml,65,248,432,486
1-B2626KOJ.jpg,276,396,430,482
1-B1754POC.jpg,79,164,449,507
1-AB1037YT.xml,419,499,442,471
1-B1458WJD.xml,139,411,478,552
1-B2001POG.jpg,287,466,443,533
1-AB1175FX.xml,161,364,491,559
1-AA8602M.jpg,429,509,364,392
1-R9271RH.xml,463,530,388,429
1-B1770QM.xml,137,279,233,282
1-AB1146OY.jpg,456,535,427,457
1-D1384YBI.jpg,73,169,392,470
1-AB1083BP.jpg,199,501,464,524
1-B2413SOH.xml,235,434,483,588
1-R9271RH.jpg,463,530,388,429
1-KT1824ZD.xml,463,563,414,464
1-B1960WMS.xml,61,183,278,342
1-AB1780FN.xml,423,511,426,457
1-B2029PVA.xml,211,396,506,565
1-F1305NUY.jpg,61,153,375,456
1-D1078XGW.jpg,112,174,393,446
1-B2290TRG.jpg,150,374,399,496
1-F1437AAO.xml,153,322,452,502
1-B1948NMM.xml,105,309,319,367
1-G1099BD.xml,480,564,406,455
1-DK1899FAB.xml,223,435,507,574
1-B2576UZJ.jpg,151,305,283,355
1-D1317XGS.xml,482,554,330,413
1-L1696JE.xml,67,139,454,507
1-B1509RKC.xml,214,393,515,576
1-B1943KJE.jpg,96,341,390,477
1-B1147PYP.xml,213,363,505,597
1-B8910U.jpg,227,413,376,455
1-B2596TRB.jpg,220,395,482,532
1-B1517WZI.xml,179,379,430,531
1-D1813RU.xml,440,533,409,482
1-B1624NZA.xml,284,473,332,390
1-B1206ZFB.xml,272,415,408,492
1-B1655RKG.jpg,324,555,440,499
1-AB1062XE.xml,409,483,412,447
1-KT1261LQ.jpg,227,424,524,575
1-AA1219HJ.xml,366,461,442,474
1-B1657WIA.jpg,181,394,444,508
1-B2462SOR.jpg,230,398,481,546
1-B2421KZE.xml,288,474,430,482
1-B9094PSE.jpg,264,449,370,426
1-B27FFA.xml,167,331,526,579
1-H1843CA.jpg,235,379,400,441
1-B2148BZZ.jpg,232,437,510,574
1-D1385YBO.xml,485,568,372,455
1-DP1606CH.xml,27,142,362,482
1-E1465QE.jpg,47,125,466,500
1-H9014JA.jpg,243,431,459,515
1-AB1603ER.jpg,199,391,460,522
1-B1778PRO.xml,358,515,430,529
1-B1093SIQ.xml,271,439,322,374
1-B9504JZM.xml,239,407,295,422
1-KT8915LD.jpg,188,300,283,318
1-B1258WZR.jpg,246,458,480,529
1-BK1211LIE.jpg,109,265,364,451
1-AB1693RY.jpg,338,481,408,481
1-B9094PSE.xml,264,449,370,426
1-B2077SZV.jpg,455,546,389,486
1-B1381WZR.xml,212,402,386,442
1-B2145PKC.jpg,350,467,458,513
1-B1164TZK.jpg,171,400,464,518
1-AD9037TP.xml,242,397,454,501
1-H222AR.xml,27,120,442,522
1-B1859TCY.xml,246,396,379,459
1-BK1726AHV.jpg,293,472,406,496
1-B1426WZR.xml,5,127,323,370
1-B1600TYN.xml,427,530,403,472
1-B1682WKG.xml,180,313,407,450
1-G8601RA.jpg,461,543,437,472
1-AD8732EP.xml,359,513,410,490
1-F1876AAN.xml,18,206,396,450
1-B1378WOZ.jpg,42,131,450,500
1-B1983ZKA.jpg,275,380,393,441
1-W1852XH.jpg,206,416,479,544
1-AA1332CJ.xml,418,508,395,430
1-AB1894FG.xml,454,558,430,527
1-B1844WKR.xml,239,429,328,398
1-B2012POV.jpg,101,255,319,376
1-B1223WIG.jpg,433,528,397,464
1-B1990NZG.xml,207,387,498,550
1-B1085BIJ.jpg,168,436,436,476
1-B9429NAM.jpg,121,309,394,502
1-B2993SXN.jpg,389,507,270,325
1-B1594WYF.xml,67,132,436,462
1-A1499BK.jpg,494,587,244,297
1-B1092WZZ.xml,95,296,411,486
1-B1667NOL.jpg,187,301,398,442
1-A1763ZJ.xml,125,387,391,432
1-N7305EA.jpg,237,363,474,516
1-L1010NH.jpg,228,369,418,462
1-B1516WKY.xml,408,600,510,570
1-B1272SSQ.xml,120,237,386,426
1-B1721NJH.xml,167,327,347,442
1-R1992RF.xml,413,483,395,430
1-B2665FFB.xml,236,371,378,444
1-AA8539M.xml,431,518,447,478
1-B1594WYF.jpg,67,132,436,462
1-AB8489HN.jpg,451,513,426,466
1-B2462SOR.xml,230,398,481,546
1-B275ANI.jpg,184,352,279,332
1-D7225AT.jpg,375,481,426,467
1-D1256AEP.jpg,455,541,487,533
1-B1204SZD.jpg,140,311,378,526
1-D1767TX.jpg,49,116,426,471
1-F1768AD.jpg,222,409,360,438
1-B1274VKC.xml,319,472,294,345
1-B1175NBI.jpg,107,304,534,598
1-H8301JA.xml,243,339,447,486
1-B1392SDZ.xml,240,448,455,528
1-BK1726AHV.xml,293,472,406,496
1-BK1978ZP.xml,275,433,410,488
1-B2921PKK.jpg,246,355,398,435
1-B1663NZQ.xml,356,476,165,248
1-L1834ABM.jpg,73,207,356,422
1-W1912ST.xml,131,261,478,522
1-G8428CZ.xml,428,517,453,483
1-AA8602M.xml,429,509,364,392
1-H1014LF.xml,243,348,408,448
1-L1621LV.jpg,217,353,444,482
1-L1890XJ.xml,227,385,435,486
1-D1384YBI.xml,73,169,392,470
1-B1350WZY.jpg,194,382,243,355
1-F1885JC.xml,209,387,466,527
1-F1721AAG.jpg,112,252,443,518
1-D1722GE.xml,536,592,339,407
1-B2155SKG.jpg,423,590,441,525
1-F1505JR.jpg,141,287,434,510
1-R8480ZH.xml,415,477,443,477
1-B1622WYC.jpg,130,297,289,344
1-G8756ZP.jpg,237,344,397,443
1-AA8566NK.xml,87,145,427,466
1-B1769SJU.xml,243,404,356,458
1-KT1076KM.xml,179,306,307,349
1-KT1261LQ.xml,227,424,524,575
1-B2103SRP.jpg,232,447,446,497
1-AD8704WP.jpg,216,375,466,506
1-H8511PS.xml,230,374,380,416
1-AB1502W.xml,200,390,442,497
1-B1805VKC.xml,414,513,388,425
1-BK1326OC.xml,270,430,346,394
1-B1142WIC.jpg,199,363,277,330
1-B1684SRF.xml,163,282,289,332
1-B2060PFT.xml,212,386,466,524
1-B1339FMO.jpg,326,482,396,443
1-B1194SJW.jpg,183,365,417,490
1-AB1368WN.jpg,443,537,390,425
1-B9146TCH.xml,446,600,540,600
1-B1193TCZ.jpg,255,413,325,373
1-W1840AE.xml,269,356,360,389
1-B1981SJZ.jpg,377,520,420,490
1-D1109AEB.xml,122,195,369,424
1-B2967TZT.jpg,219,411,441,510
1-AD9031TP.xml,480,584,370,477
1-R8365LB.jpg,399,507,429,468
1-B2067KOY.xml,279,419,330,389
1-AA1096HJ.jpg,399,478,433,483
1-D1835LQ.xml,398,464,435,485
1-B2611S.jpg,169,332,387,444
1-B2954SOA.xml,180,368,394,506
1-R9454DS.xml,134,359,493,540
1-B2313SOM.jpg,109,270,327,380
1-H1481QR.xml,222,369,390,426
1-DK1086FAE.xml,408,507,407,464
1-D1360NV.xml,512,570,337,409
1-G8853QC.jpg,239,334,358,395
1-B2560EE.jpg,402,523,426,511
1-B1059KCT.jpg,225,376,432,494
1-B2797SIR.jpg,201,357,380,437
1-BP1713IE.jpg,219,377,417,479
1-D1691MM.xml,520,583,334,406
1-K1079AE.jpg,208,344,423,462
1-K1807BU.xml,241,337,413,453
1-B7340BDB.jpg,385,500,442,496
1-B1393WKJ.jpg,323,467,281,330
1-B2596TRB.xml,220,395,482,532
1-B2155SKG.xml,423,590,441,525
1-L1633PB.jpg,111,300,478,551
1-B2349SIN.xml,182,321,340,382
1-B1886WVJ.jpg,150,305,458,511
1-R9181DS.xml,407,491,397,450
1-DK1756IP.jpg,190,386,500,569
1-DK1515XX.xml,217,418,478,546
1-B2710KVG.jpg,252,382,415,465
1-B2886BFC.xml,203,373,428,481
1-AA1192KJ.jpg,429,513,438,470
1-AB1820VY.jpg,109,285,480,561
1-F1249RE.jpg,126,345,357,418
1-AA1837HJ.xml,395,488,440,476
1-F1496AL.jpg,291,416,433,487
1-H9014JA.xml,243,431,459,515
1-KT1439ZZ.xml,275,428,316,369
1-AB1502W.jpg,200,390,442,497
1-H9168NH.jpg,188,399,483,535
1-AB1730UE.jpg,400,495,437,474
1-L1293WT.xml,189,405,462,517
1-B29MKY.jpg,143,299,469,533
1-E1797PT.xml,466,545,461,489
1-B2060PFT.jpg,212,386,466,524
1-B1600TYN.jpg,427,530,403,472
1-D1807AHJ.xml,464,593,260,409
1-DK1403FBG.xml,332,506,392,474
1-B1769WZM.xml,259,400,165,252
1-L1513UL.xml,221,383,370,440
1-B2004TZQ.jpg,232,364,316,355
1-B1759NRK.jpg,436,564,429,495
1-B9504JZM.jpg,239,407,295,422
1-B2620TKH.xml,305,526,478,562
1-B1904UZT.jpg,203,383,445,504
1-L1472W.jpg,179,388,484,534
1-B1249VKO.xml,184,315,430,479
1-B1948NMM.jpg,105,309,319,367
1-AA1219HJ.jpg,366,461,442,474
1-B123WOS.jpg,197,367,358,446
1-B1895NRQ.xml,481,583,333,385
1-D1807AHJ.jpg,464,593,260,409
1-AB1145JF.xml,462,539,455,482
1-W1317CG.xml,466,595,390,478
1-B1893SAL.jpg,289,434,445,502
1-AD8856IF.jpg,440,556,415,500
1-B1396WZU.xml,275,441,365,457
1-AD9166GS.jpg,165,375,531,579
1-AG1676FK.xml,103,221,411,485
1-F1768AD.xml,222,409,360,438
1-AB1238JX.xml,448,516,334,382
1-L1716FC.jpg,82,259,455,534
1-B9249BUB.xml,205,381,427,481
1-H1386MZ.xml,228,361,454,502
1-AA1979RM.jpg,423,527,434,472
1-KT1362LY.jpg,486,567,382,439
1-H1386MZ.jpg,228,361,454,502
1-B2921PKK.xml,246,355,398,435
1-B1943KJE.xml,96,341,390,477
1-AB1062XE.jpg,409,483,412,447
1-B23DRA.xml,235,397,486,542
1-BK1412RL.jpg,255,411,410,466
1-R7114SS.xml,37,102,420,449
1-B2814BRA.jpg,231,411,449,548
1-D1887XGF.jpg,498,569,432,505
1-B1231WIJ.xml,88,225,440,494
1-AA9196ZB.jpg,407,496,437,468
1-F1073BC.jpg,453,549,447,535
1-B1470ZMI.jpg,485,568,405,498
1-B1378WOZ.xml,42,131,450,500
1-W1140EE.jpg,235,385,438,481
1-B1981NON.jpg,218,446,479,578
1-AD1715EH.jpg,35,112,456,488
1-D1365LK.jpg,97,166,363,440
1-BE1237AO.xml,93,223,385,427
1-B1657WIA.xml,181,394,444,508
1-B2816UZA.jpg,351,481,473,556
1-B1671JJA.xml,195,406,466,526
1-L1705EA.xml,439,576,299,413
1-L1326EX.jpg,231,396,508,562
1-B2103SRP.xml,232,447,446,497
1-AD1827NI.xml,507,600,429,507
1-D1688AFX.xml,515,577,380,467
1-DA7017PM.xml,253,375,474,516
1-B9746NAJ.xml,139,288,400,455
1-B2918CBA.xml,231,379,431,474
1-B2164SRV.xml,217,379,513,568
1-AB1592W.jpg,405,474,392,425
1-AA1192KJ.xml,429,513,438,470
1-D1295DY.jpg,403,470,399,448
1-AB1984YY.xml,233,403,434,497
1-B9298PAB.xml,203,402,234,292
1-B411ZOE.jpg,170,303,346,399
1-AB1693RY.xml,338,481,408,481
1-B1802WZP.jpg,148,302,391,443
1-F1644DL.xml,223,443,505,564
1-AB1570KT.xml,383,450,382,435
1-B1299WYK.jpg,61,175,340,389
1-D1349YTO.xml,27,121,350,440
1-B1229COF.jpg,249,390,421,489
1-B1274WFQ.jpg,235,411,393,447
1-B2711FFI.xml,228,465,473,533
1-B1164TIH.xml,437,520,442,469
1-BK1979ACZ.jpg,264,435,475,550
1-L1356AC.jpg,230,369,428,472
1-B9338UCT.xml,252,403,411,482
1-L1751SE.jpg,203,395,381,442
1-B1274WFQ.xml,235,411,393,447
1-AD9391HM.xml,221,420,421,495
1-B2626KOJ.xml,276,396,430,482
1-B1037WZS.xml,453,591,351,399
1-A1587EB.xml,215,387,495,562
1-H8985AG.jpg,402,489,471,500
1-B1299WYK.xml,61,175,340,389
1-E1041RO.jpg,220,412,443,504
1-B2559TP.jpg,212,376,223,278
1-B1867EZF.xml,229,430,516,583
1-D1749ND.xml,492,575,290,400
1-BK1638EKL.xml,164,369,427,484
1-H9063TE.jpg,314,468,373,449
1-B2067KOY.jpg,279,419,330,389
1-E1099CQ.xml,38,122,410,489
1-B1436NYY.jpg,107,281,421,491
1-AB1835GH.xml,415,509,410,441
1-AB1295YY.xml,445,555,344,426
1-B1470ZMI.xml,485,568,405,498
1-B2903CBD.xml,275,426,381,460
1-B1698NRJ.jpg,240,373,458,516
1-B1873ZKU.xml,207,403,370,477
1-AB1909VY.xml,426,512,420,452
1-B2826UFT.jpg,202,429,383,455
1-B1864WIC.xml,358,517,266,326
1-AD8460FK.jpg,71,145,399,490
1-KT1824ZD.jpg,463,563,414,464
1-H1235NF.jpg,12,146,402,504
1-B1695GFW.xml,273,406,339,405
1-B1960WMS.jpg,61,183,278,342
1-BK1942ACG.xml,151,367,394,458
1-F1496AL.xml,291,416,433,487
1-B1381WZR.jpg,212,402,386,442
1-KT8078LC.xml,495,600,315,421
1-AD1827NI.jpg,507,600,429,507
1-G1287SD.xml,401,496,402,436
1-B29MKY.xml,143,299,469,533
1-D1835LQ.jpg,398,464,435,485
1-BK710ADE.xml,332,489,438,523
1-B1144DFX.jpg,266,467,462,526
1-AG1051EH.xml,227,336,390,423
1-L1253S.jpg,206,389,490,545
1-D1403ABF.jpg,41,111,405,474
1-H9213FW.xml,57,148,413,470
1-B2612BEN.xml,195,356,281,358
1-L1689PS.jpg,140,334,458,538
1-B1663NZQ.jpg,356,476,165,248
1-B1607NIH.xml,300,509,398,472
1-AA9176TD.xml,501,560,400,444
1-G8897QA.jpg,415,485,380,430
1-B2361UKG.xml,231,378,378,447
1-D7756AO.jpg,247,354,465,505
1-R8622KE.jpg,184,380,470,545
1-B1209NZE.xml,330,442,394,441
1-BK1445ABT.xml,163,342,450,509
1-L1326EX.xml,231,396,508,562
1-B1698NRJ.xml,240,373,458,516
1-DA1808PV.xml,199,386,362,441
1-B1714JUL.xml,274,418,396,454
1-B2017BYG.xml,410,512,402,447
1-B2448SFN.jpg,222,389,464,514
1-AA1480WZ.xml,231,416,253,311
1-B1746WZS.xml,150,343,467,533
1-D1022ADI.jpg,408,499,403,454
1-B2085BKV.xml,204,392,528,594
1-B9307KRV.xml,243,412,306,420
1-B1439TRB.xml,57,198,454,524
1-B1313NRW.xml,387,545,514,600
1-B1031BZX.xml,342,493,433,501
1-BA1522IV.jpg,99,194,376,473
1-B1769SJU.jpg,243,404,356,458
1-F1739PW.jpg,152,342,455,530
1-AA8092AD.jpg,434,523,424,460
1-L1962DE.jpg,111,178,363,423
1-L1159CO.jpg,344,504,396,474
1-B1557VFN.jpg,435,557,379,456
1-B1050WON.jpg,17,164,483,540
1-AA1843AJ.jpg,447,523,407,449
1-B1782WKS.jpg,386,548,336,422
1-B1803TYE.jpg,129,299,329,389
1-AB1750XY.xml,206,315,452,492
1-L1612FI.jpg,221,388,563,600
1-AB1213CO.jpg,73,127,407,441
1-N7305EA.xml,237,363,474,516
1-B2085BKV.jpg,204,392,528,594
1-B1672NIE.xml,448,530,446,474
1-B1816WFR.xml,83,335,485,541
1-B2994UZO.xml,202,396,470,527
1-B2886BFC.jpg,203,373,428,481
1-B1164TZK.xml,171,400,464,518
1-D1157MJ.xml,461,529,394,484
1-KT1271LW.jpg,173,371,508,562
1-B1379NKZ.jpg,253,417,436,490
1-D1688NBS.jpg,499,559,344,416
1-H9372KM.xml,455,520,416,455
1-B1093SIQ.jpg,271,439,322,374
1-L1513UL.jpg,221,383,370,440
1-B1893SAL.xml,289,434,445,502
1-B1374WKQ.jpg,215,373,500,562
1-KT8185LY.xml,217,372,485,524
1-H8985AG.xml,402,489,471,500
1-B902FBR.jpg,56,140,370,467
1-B1983ZKA.xml,275,380,393,441
1-AA1979RM.xml,423,527,434,472
1-R9181DS.jpg,407,491,397,450
1-D1317XGS.jpg,482,554,330,413
1-B1904UZT.xml,203,383,445,504
1-B1253WIC.jpg,222,373,454,506
1-B2737UOQ.jpg,88,234,365,458
1-B1298CKE.xml,82,277,389,452
1-E1507CH.xml,462,550,394,498
1-L1577FJ.xml,185,365,481,529
1-B505YLO.xml,178,349,343,402
1-B1886WVJ.xml,150,305,458,511
1-KT8507LM.xml,152,290,355,421
1-DK1453FO.xml,239,477,464,562
1-B2960EJ.xml,63,237,395,558
1-AB1371TE.xml,78,142,462,501
1-BK1379ABL.jpg,395,486,410,486
1-B1392WBJ.jpg,26,168,512,563
1-R1992RF.jpg,413,483,395,430
1-B1395WOU.xml,447,545,403,471
1-B2960EJ.jpg,63,237,395,558
1-B2780STA.jpg,403,521,264,313
1-DA1501WF.xml,146,298,413,478
1-F1721AAG.xml,112,252,443,518
1-AA1843AJ.xml,447,523,407,449
1-DK1927OD.xml,189,355,502,582
1-H1670AQ.xml,197,371,464,523
1-B1495PLP.xml,143,381,414,474
1-B1272SSQ.jpg,120,237,386,426
1-B1105NBH.jpg,28,179,344,459
1-B2453SOJ.xml,63,191,354,436
1-B1684WZQ.xml,169,346,332,397
1-B2780STA.xml,403,521,264,313
1-B2128UZV.xml,311,457,418,475
1-B2468BFE.xml,122,347,524,594
1-B1695GFW.jpg,273,406,339,405
1-AB1616EB.jpg,424,509,464,496
1-AA8508UD.xml,411,508,389,426
1-H1928JY.xml,254,361,443,481
1-H9152BS.xml,234,327,446,483
1-B1518NES.jpg,173,300,494,557
1-B9806WAE.jpg,86,228,377,426
1-B1150COT.jpg,290,411,420,466
1-B2474TZR.jpg,48,199,445,512
1-H8245DZ.jpg,469,531,420,444
1-B17RAW.jpg,280,469,445,516
1-B2280SGX.jpg,212,370,333,426
1-B2076SIF.jpg,1,89,410,504
1-DK1756IP.xml,190,386,500,569
1-B2148BZZ.xml,232,437,510,574
1-B1516WKY.jpg,408,600,510,570
1-AD8045IZ.jpg,39,98,430,470
1-W1375YF.xml,199,351,402,463
1-B1597KJB.jpg,1,105,377,442
1-R9155HS.jpg,390,454,415,485
1-B1044NZL.xml,217,399,389,452
1-B2188FFT.xml,215,397,504,576
1-B1800CZE.jpg,217,395,381,462
1-B1392SDZ.jpg,240,448,455,528
1-B1320NBJ.xml,343,419,327,363
1-G1193AX.xml,186,384,472,536
1-KT1157KG.xml,240,383,384,434
1-PA1887GF.xml,258,483,480,564
1-B1180KYG.jpg,173,327,492,546
1-AB1862FT.xml,412,505,414,449
1-F1831JY.xml,211,387,462,520
1-G8601RA.xml,461,543,437,472
1-B2508BYB.jpg,227,512,505,586
1-L1897JL.xml,209,398,410,464
1-L1969DH.xml,256,416,478,528
1-AB1603ER.xml,199,391,460,522
1-H8626SP.xml,242,340,427,466
1-AD1147GC.xml,460,551,410,479
1-H8207RG.xml,210,397,417,461
1-F1778AH.jpg,50,311,504,572
1-G1178YD.xml,439,516,429,456
1-F1695LK.jpg,52,171,366,444
1-B55RSK.xml,200,393,501,592
1-B1413WBC.jpg,169,386,433,551
1-B1134COY.jpg,155,334,224,305
1-L1617DF.xml,204,399,454,503
1-AB1592W.xml,405,474,392,425
1-A64M.xml,57,166,304,379
1-B1105NBH.xml,28,179,344,459
1-B2942PBL.xml,213,381,534,594
1-DK1344SM.xml,229,452,477,562
1-B2291SKU.jpg,95,300,481,540
1-E1465QE.xml,47,125,466,500
1-AB1742PY.jpg,60,139,428,462
1-B2012POV.xml,101,255,319,376
1-B1381BMP.jpg,99,348,454,506
1-B1381BMP.xml,99,348,454,506
1-B1981SJZ.xml,377,520,420,490
1-G1281FC.xml,459,542,408,442
1-BE1237AO.jpg,93,223,385,427
1-B1966COQ.jpg,267,412,326,395
1-BP1713IE.xml,219,377,417,479
1-L1593ES.jpg,277,392,376,411
1-H7450SY.jpg,253,506,443,514
1-KT1253KA.xml,267,383,331,371
1-B2343STJ.jpg,188,357,393,449
1-B1505VMR.xml,334,503,423,486
1-B2239BF.jpg,175,352,398,488
1-B1392WBJ.xml,26,168,512,563
1-B1622WYM.jpg,323,513,296,356
1-B1269EOJ.xml,210,376,366,407
1-H9361EW.jpg,240,379,423,466
1-AB1042TU.jpg,435,521,382,415
1-L1279QX.xml,226,367,368,410
1-B8161VO.xml,67,220,448,509
1-AB1319SI.xml,427,517,482,516
1-KT8185LY.jpg,217,372,485,524
1-BK1399ZK.xml,247,388,380,430
1-R8869WB.xml,50,133,438,471
1-G8570SC.xml,65,134,410,451
1-B1171WKI.jpg,73,203,401,468
1-H1930BZ.xml,250,343,380,416
1-H1930BZ.jpg,250,343,380,416
1-B1522WKQ.xml,119,275,495,570
1-W1140EE.xml,235,385,438,481
1-B2378FFQ.xml,227,375,482,540
1-B1523WKL.jpg,237,422,342,442
1-D1613PY.xml,21,102,434,502
1-AA1837HJ.jpg,395,488,440,476
1-F1739PW.xml,152,342,455,530
1-B1665NMO.jpg,101,233,382,450
1-G8499PP.jpg,428,515,434,464
1-AD1063HJ.jpg,382,490,395,429
1-B1655RKG.xml,324,555,440,499
1-B1984WIA.xml,383,513,229,277
1-B1130WMV.xml,262,467,444,519
1-L1293WT.jpg,189,405,462,517
1-N1077WI.xml,498,563,361,418
1-B1343NZD.xml,107,331,486,546
1-B2942PBL.jpg,213,381,534,594
1-B9806WAE.xml,86,228,377,426
1-B1954NYY.jpg,338,467,286,365
1-AB1338MX.jpg,102,176,343,440
1-BK1704UMY.jpg,210,368,467,524
1-B1096EZB.jpg,201,356,397,446
1-W1912ST.jpg,131,261,478,522
1-B1427SSU.jpg,200,335,525,584
1-KT8078LC.jpg,495,600,315,421
1-B1096EZB.xml,201,356,397,446
1-AB1862FT.jpg,412,505,414,449
1-H1522TE.xml,236,374,393,426
1-DK1732AP.jpg,230,432,485,557
1-B2077SZV.xml,455,546,389,486
1-AB1835GH.jpg,415,509,410,441
1-B1811BJS.jpg,451,589,402,460
1-B888DYN.xml,202,334,377,422
1-B2170SFI.xml,465,557,370,465
1-DD1397M.xml,263,500,415,488
1-B2814BRA.xml,231,411,449,548
1-D1613PY.jpg,21,102,434,502
1-DK1134ABC.jpg,13,253,496,595
1-B1151URZ.jpg,376,503,384,450
1-B2965PKJ.xml,219,365,391,439
1-B1058TMD.xml,443,523,460,489
1-D1157MJ.jpg,461,529,394,484
1-KT8915LD.xml,188,300,283,318
1-L1472W.xml,179,388,484,534
1-F1778AH.xml,50,311,504,572
1-D1482ABU.xml,499,564,360,444
1-B1110PIR.xml,338,505,352,418
1-L1552WO.xml,211,392,431,511
1-KT1439ZZ.jpg,275,428,316,369
1-H9413WW.xml,249,352,426,470
1-AE1210FC.jpg,93,183,409,467
1-W1535AZ.jpg,477,559,325,389
1-B1876NYV.jpg,202,352,379,425
1-D1688NBS.xml,499,559,344,416
1-B1426WZR.jpg,5,127,323,370
1-B1955NOX.jpg,420,522,352,409
1-L1023CM.jpg,443,518,372,433
1-DK1997QL.jpg,275,504,492,576
1-D1447QW.jpg,74,145,402,462
1-AA8987KL.jpg,404,496,442,490
1-AD9432IF.xml,46,135,448,504
1-G1287SD.jpg,401,496,402,436
1-L1552WO.jpg,211,392,431,511
1-AA1096HJ.xml,399,478,433,483
1-G8609RG.jpg,208,351,425,465
1-B1671JJA.jpg,195,406,466,526
1-D7756AO.xml,247,354,465,505
1-B1953DKB.jpg,69,195,336,393
1-B2457CBC.xml,341,468,379,426
1-D1504XGO.xml,209,369,480,538
1-B1953TYE.xml,185,302,430,475
1-AB1037YT.jpg,419,499,442,471
1-B2560EE.xml,402,523,426,511
1-B1895NRQ.jpg,481,583,333,385
1-AA1191FJ.jpg,181,389,443,498
1-B1086SAJ.xml,112,357,459,522
1-B1802WZP.xml,148,302,391,443
1-B2701BIP.jpg,357,516,342,422
1-B1536AQ.xml,307,527,390,460
1-B2982BOI.xml,92,301,455,519
1-R8622KE.xml,184,380,470,545
1-B1252BIS.xml,299,436,240,326
1-AB1400XX.jpg,265,454,425,485
1-F1382ND.jpg,224,366,466,501
1-B811DL.jpg,171,303,365,418
1-AD1147GC.jpg,460,551,410,479
1-L1279QX.jpg,226,367,368,410
1-B1496WIA.jpg,63,209,229,327
1-L1712C.jpg,7,97,339,420
1-AE384NJ.xml,73,165,350,409
1-B2128UZV.jpg,311,457,418,475
1-A1763ZJ.jpg,125,387,391,432
1-B1532WAB.jpg,82,275,460,537
1-BK1608ADV.xml,453,589,423,523
1-B2017BYG.jpg,410,512,402,447
1-B1682WKG.jpg,180,313,407,450
1-H9413WW.jpg,249,352,426,470
1-B1699VJC.xml,141,275,420,465
1-B9338UCT.jpg,252,403,411,482
1-R9454DS.jpg,134,359,493,540
1-R9474TK.xml,71,181,449,517
1-R1453FB.jpg,243,346,410,452
1-BK1979ACZ.xml,264,435,475,550
1-L1527NN.xml,217,399,419,472
1-B1885WZW.jpg,183,333,370,449
1-B2678UBI.jpg,199,388,387,445
1-AB1146OY.xml,456,535,427,457
1-B2361UKG.jpg,231,378,378,447
1-B2349SIN.jpg,182,321,340,382
1-AA1833FC.xml,416,515,378,414
1-AB1190YY.xml,123,243,412,483
1-B989CRA.jpg,313,484,405,462
1-AA9436ML.jpg,440,526,430,463
1-B2453SOJ.jpg,63,191,354,436
1-AB1237QY.xml,100,236,398,451
1-D1776TU.xml,492,567,351,427
1-BK1379ABL.xml,395,486,410,486
1-B1340WIF.jpg,171,279,245,288
1-W1375YF.jpg,199,351,402,463
1-AB1148UV.jpg,418,504,450,483
1-L1714SM.xml,191,357,438,485
1-B1759NRK.xml,436,564,429,495
1-A1682BP.jpg,201,399,358,424
1-B1374NGZ.jpg,188,329,402,450
1-B1048WBF.jpg,170,380,442,506
1-B1953DKB.xml,69,195,336,393
1-B1754POC.xml,79,164,449,507
1-B2559TP.xml,212,376,223,278
1-B1027SYM.xml,207,411,503,575
1-DK1927OD.jpg,189,355,502,582
1-B1029NRN.xml,120,247,263,306
1-B1486NAB.xml,82,236,423,496
1-B1516VOV.jpg,122,253,337,392
1-AB1233AA.jpg,124,299,433,490
1-AB1780FN.jpg,423,511,426,457
1-D1724ACJ.jpg,250,451,316,375
1-PA1887GF.jpg,258,483,480,564
1-B2632BYX.jpg,231,443,315,377
1-G8499PP.xml,428,515,434,464
1-B1100SSL.xml,473,594,386,440
1-L1411KE.jpg,153,320,486,541
1-B1975RFJ.jpg,264,393,236,309
1-AB1921IN.jpg,392,477,452,490
1-B2249KKY.xml,295,480,364,424
1-G8975NC.xml,384,483,423,454
1-B1981NON.xml,218,446,479,578
1-AB1463UG.jpg,464,541,420,451
1-D1335GM.jpg,531,600,349,424
1-B1867EZF.jpg,229,430,516,583
1-B2338BBG.xml,210,384,368,462
1-B2474TZR.xml,48,199,445,512
1-DK1317QE.jpg,225,438,517,600
1-H1272UA.xml,234,378,377,414
1-BA1319WA.xml,265,432,454,509
1-B8910U.xml,227,413,376,455
1-B2142BZO.jpg,116,427,475,555
1-AA1258SZ.jpg,394,484,451,482
1-B2903CBD.jpg,275,426,381,460
1-AD1088AW.xml,95,239,288,352
1-B2239BF.xml,175,352,398,488
1-G8755FM.xml,48,136,455,490
1-B1379NKZ.xml,253,417,436,490
1-W1840AE.jpg,269,356,360,389
1-B1976WYD.jpg,73,186,359,403
1-A1499BK.xml,494,587,244,297
1-F1885JC.jpg,209,387,466,527
1-B1350WZY.xml,194,382,243,355
1-B2691KZH.jpg,111,300,366,426
1-B777RIM.xml,180,358,455,515
1-AB1088OC.xml,406,497,466,494
1-H9015NQ.xml,203,350,473,545
1-G8609RG.xml,208,351,425,465
1-D1568HP.xml,490,564,335,415
1-AA1210MB.xml,475,542,366,412
1-AA1430YK.xml,377,467,451,481
1-D1014VCB.xml,229,353,426,477
1-G1178YD.jpg,439,516,429,456
1-AB1665DA.xml,471,538,462,495
1-H9214RP.jpg,251,345,410,447
1-G1627IC.jpg,448,537,432,467
1-K1047HG.xml,441,529,439,471
1-B1080NIH.xml,236,384,430,482
1-B1596URH.xml,259,453,418,559
1-B9566BAT.jpg,327,515,526,595
1-B1048WBF.xml,170,380,442,506
1-B2110RG.jpg,238,424,371,430
1-L1286QA.jpg,177,325,397,444
1-K1807BU.jpg,241,337,413,453
1-B1049WZW.jpg,222,384,321,410
1-F1644OZ.jpg,233,372,440,482
1-AD1715EH.xml,35,112,456,488
1-B1269EOJ.jpg,210,376,366,407
1-AB1788GY.jpg,394,488,446,478
1-B401RSR.jpg,467,584,282,351
1-AB1984YY.jpg,233,403,434,497
1-B2029PVA.jpg,211,396,506,565
1-DK1341DW.jpg,256,470,487,571
1-B2110RG.xml,238,424,371,430
1-L1463NZ.jpg,215,383,450,497
1-AD1447WA.jpg,368,475,432,466
1-AA8957ML.jpg,422,510,364,397
1-AD9440KT.xml,47,159,344,423
1-D1691MM.jpg,520,583,334,406
1-AD8888GU.jpg,194,367,495,593
1-L1612FI.xml,221,388,563,600
1-B1557VFN.xml,435,557,379,456
1-E1178PO.jpg,507,575,290,352
1-AA1507JJ.jpg,384,481,413,442
1-H1186TR.xml,248,345,388,425
1-BK1211LIE.xml,109,265,364,451
1-L1623A.jpg,193,361,426,474
1-B2694SKX.xml,227,376,471,526
1-B2281BZG.jpg,355,496,421,497
1-AB1190YY.jpg,123,243,412,483
1-H9152BS.jpg,234,327,446,483
1-B1238WZY.jpg,178,419,495,539
1-K9317WH.xml,247,378,391,431
1-B1275SAE.xml,36,152,508,554
1-KT1271LW.xml,173,371,508,562
1-B2002HI.jpg,125,380,424,490
1-B1252BIS.jpg,299,436,240,326
1-DA1849TAZ.xml,305,437,413,469
1-B1800CZE.xml,217,395,381,462
1-B1378CBB.jpg,419,582,204,309
1-D1195VBN.jpg,408,481,383,430
1-DK1086FAE.jpg,408,507,407,464
1-B1056NZL.jpg,432,598,520,587
1-G1021DA.jpg,445,529,384,412
1-D1195VBN.xml,408,481,383,430
1-H8764FG.xml,340,437,455,484
1-B1933WZD.jpg,257,421,412,490
1-B2026TOX.xml,322,484,424,493
1-AE1210FC.xml,93,183,409,467
1-AB1042TU.xml,435,521,382,415
1-B1091BYY.xml,155,358,535,596
1-L1621LV.xml,217,353,444,482
1-DK1732AP.xml,230,432,485,557
1-BA1644OT.jpg,436,550,395,461
1-AB1740NX.xml,51,162,290,351
1-AB1088OC.jpg,406,497,466,494
1-L1010NH.xml,228,369,418,462
1-L1527NN.jpg,217,399,419,472
1-K8941AK.jpg,236,417,461,515
1-D1722GE.jpg,536,592,339,407
1-F1253IR.jpg,422,485,410,452
1-R8365LB.xml,399,507,429,468
1-B2883SZI.xml,89,217,344,390
1-BK1563AAC.xml,267,395,475,532
1-BK1213XX.jpg,95,227,454,538
1-B2448SFN.xml,222,389,464,514
1-AA8957ML.xml,422,510,364,397
1-B1144DFX.xml,266,467,462,526
1-B1180KYG.xml,173,327,492,546
1-BK1318GX.xml,231,423,421,501
1-B1912SSM.xml,403,551,347,428
1-DA1086CF.xml,241,333,379,430
1-H8245DZ.xml,469,531,420,444
1-KT1253KA.jpg,267,383,331,371
1-R1453FB.xml,243,346,410,452
1-H9214RP.xml,251,345,410,447
1-B1436NYY.xml,107,281,421,491
1-D1447QW.xml,74,145,402,462
1-B811DL.xml,171,303,365,418
1-B9087PSE.jpg,78,170,279,338
1-AB1058EB.jpg,394,488,433,462
1-B2140FFO.xml,223,376,426,471
1-A1233XE.xml,249,391,383,436
1-B1971WKS.jpg,448,587,505,566
1-AB1921IN.xml,392,477,452,490
1-KT1905LZ.jpg,16,163,310,390
1-B2816UZA.xml,351,481,473,556
1-B1175NBI.xml,107,304,534,598
1-B1911QS.jpg,32,134,430,484
1-G1937MN.xml,448,534,421,451
1-BK1978ZP.jpg,275,433,410,488
1-B1607NIH.jpg,300,509,398,472
1-L1523FN.jpg,127,251,386,442
1-B1910NZM.xml,168,347,473,530
1-A1682BP.xml,201,399,358,424
1-L1523FN.xml,127,251,386,442
1-B1486NAB.jpg,82,236,423,496
1-E1507CH.jpg,462,550,394,498
1-AB1175FX.jpg,161,364,491,559
1-B1954NYY.xml,338,467,286,365
1-B1049WZW.xml,222,384,321,410
1-AB1319SI.jpg,427,517,482,516
1-AA1332CJ.jpg,418,508,395,430
1-BK1563AAC.jpg,267,395,475,532
1-B23DRA.jpg,235,397,486,542
1-G1099BD.jpg,480,564,406,455
1-AA1191FJ.xml,181,389,443,498
1-B1684SRF.jpg,163,282,289,332
1-B1029NRN.jpg,120,247,263,306
1-AB1286KU.xml,241,395,427,492
1-D1656QW.jpg,74,134,405,465
1-B179UTA.xml,132,284,470,581
1-B1130WMV.jpg,262,467,444,519
1-B100LUZ.xml,387,542,403,452
1-AD8015QB.jpg,461,527,470,494
1-B1147NJJ.jpg,222,385,483,536
1-B1208AU.xml,123,271,444,518
1-B2799TYF.jpg,215,394,506,574
1-B2138KBG.xml,250,405,408,450
1-B2420SOV.jpg,239,433,525,583
1-G9322BJ.jpg,65,127,448,488
1-B1368PZZ.xml,103,230,375,443
1-B2418TOL.jpg,222,431,516,567
1-W1697SC.jpg,475,597,134,310
1-B1132DKD.jpg,93,247,318,374
1-B1274VKC.jpg,319,472,294,345
1-B898BPN.xml,225,367,357,409
1-B1541PZR.xml,236,419,260,398
1-BK1379HX.xml,231,375,408,461
1-AA9442CC.xml,390,489,423,454
1-BK1573MX.jpg,194,338,424,482
1-H9063TE.xml,314,468,373,449
1-F1073BC.xml,453,549,447,535
1-B1315VKY.jpg,219,433,500,552
1-AB1979XQ.xml,435,513,448,476
1-G9390VP.xml,451,531,442,474
1-B2942TOH.jpg,394,560,404,499
1-AD415NA.jpg,195,379,416,470
1-B8161VO.jpg,67,220,448,509
1-D1807BF.jpg,59,137,416,471
1-B1116WLR.jpg,446,593,490,559
1-B888DYN.jpg,202,334,377,422
1-AB1750XY.jpg,206,315,452,492
1-H8764FG.jpg,340,437,455,484
1-B1272WZU.jpg,256,430,402,458
1-B1805VKC.jpg,414,513,388,425
1-H8576TQ.xml,80,123,392,460
1-AD9461ZU.xml,407,504,413,448
1-B1606NZN.xml,330,463,286,366
1-L1111G.xml,370,531,439,515
1-F1343PA.jpg,310,517,363,423
1-DK1341DW.xml,256,470,487,571
1-B1077ZFQ.xml,69,447,491,551
1-B2691KZH.xml,111,300,366,426
1-D1297YBK.xml,58,112,347,396
1-D1369XGG.xml,470,541,324,403
1-B777RIM.jpg,180,358,455,515
1-H8626SP.jpg,242,340,427,466
1-L1023CM.xml,443,518,372,433
1-AB1780YY.jpg,300,433,362,426
1-B1085BIJ.xml,168,436,436,476
1-F1249RE.xml,126,345,357,418
1-B1665NMO.xml,101,233,382,450
1-B1204SZD.xml,140,311,378,526
1-AD1889HC.jpg,390,480,401,430
1-AB1238JX.jpg,448,516,334,382
1-L1714SM.jpg,191,357,438,485
1-B1138WJG.xml,123,269,335,381
1-R8869WB.jpg,50,133,438,471
1-AA8675RK.jpg,425,509,461,492
1-A1801ZO.jpg,461,554,320,405
1-B2799TYF.xml,215,394,506,574
1-E1591DC.jpg,478,574,407,462
1-A7017ZA.xml,270,402,439,478
1-B1536AQ.jpg,307,527,390,460
1-B2826UFT.xml,202,429,383,455
1-B1231WIJ.jpg,88,225,440,494
1-K9317WH.jpg,247,378,391,431
1-H8663AZ.xml,408,511,447,478
1-B1940COH.xml,207,322,433,472
1-D1546FS.xml,261,486,455,526
1-B411ZOE.xml,170,303,346,399
1-AB1450VN.jpg,430,526,437,469
1-BK1337AE.jpg,200,401,456,526
1-KT1069OD.xml,225,345,425,458
1-N1077WI.jpg,498,563,361,418
1-L1520B.jpg,194,386,522,579
1-E1178PO.xml,507,575,290,352
1-H9372KM.jpg,455,520,416,455
1-L1623A.xml,193,361,426,474
1-AD1063HJ.xml,382,490,395,429
1-E1591DC.xml,478,574,407,462
1-DD119BW.xml,7,220,386,498
1-L1659IA.xml,233,403,357,405
1-AB1450VN.xml,430,526,437,469
1-F1505JR.xml,141,287,434,510
1-D1813RU.jpg,440,533,409,482
1-B1723SYN.jpg,207,362,496,558
1-AB1391WY.jpg,407,496,447,479
1-B2813UOY.xml,79,311,447,493
1-B1298CKE.jpg,82,277,389,452
1-B1699PKR.xml,67,134,321,387
1-B2954SOA.jpg,180,368,394,506
1-AA1430YK.jpg,377,467,451,481
1-AD1447WA.xml,368,475,432,466
1-L1013YK.xml,400,508,468,525
1-H1254DP.xml,223,386,378,420
1-B8054EX.xml,103,269,398,479
1-B1574UGY.jpg,120,322,456,505
1-E1505KZ.jpg,380,462,410,446
1-AA1258SZ.xml,394,484,451,482
1-AD9031TP.jpg,480,584,370,477
1-KT1013WJ.jpg,1,112,360,451
1-B1882NKX.jpg,297,404,297,338
1-B7340BDB.xml,385,500,442,496
1-B2026TOX.jpg,322,484,424,493
1-DK1537ET.jpg,254,438,378,452
1-F1026FAM.xml,220,393,520,580
1-B1614WOF.xml,79,175,367,430
1-H1405HP.xml,233,375,404,439
1-B2004TZQ.xml,232,364,316,355
1-B1229COF.xml,249,390,421,489
1-L1716FC.xml,82,259,455,534
1-AB8489HN.xml,451,513,426,466
1-AA8675RK.xml,425,509,461,492
1-D1403ABF.xml,41,111,405,474
1-F1695LK.xml,52,171,366,444
1-AB1155CC.jpg,60,180,484,562
1-AD9251RR.jpg,378,557,456,509
1-AD9112WF.xml,435,507,348,395
1-B898BPN.jpg,225,367,357,409
1-H8003AM.jpg,426,494,422,457
1-AB1286KU.jpg,241,395,427,492
1-B2164SRV.jpg,217,379,513,568
1-AB1742PY.xml,60,139,428,462
1-F1876AAN.jpg,18,206,396,450
1-B1209NZE.jpg,330,442,394,441
1-F1587NW.jpg,35,198,481,525
1-AA1896AC.xml,431,513,434,466
1-AD1289M.jpg,413,500,449,482
1-B1622WYC.xml,130,297,289,344
1-B1137WUO.xml,192,408,383,505
1-B1147NJJ.xml,222,385,483,536
1-AA1507JJ.xml,384,481,413,442
1-AA8378AD.xml,447,515,446,507
1-D1326RP.xml,456,529,378,455
1-L1712C.xml,7,97,339,420
1-D234LG.xml,86,177,394,462
1-B1238WZY.xml,178,419,495,539
1-B1714JUL.jpg,274,418,396,454
1-B1885WZW.xml,183,333,370,449
1-B2264BZN.xml,219,387,470,519
1-B2813UOY.jpg,79,311,447,493
1-DK1403FBG.jpg,332,506,392,474
1-DK1267FBC.jpg,242,450,502,576
1-B505YLO.jpg,178,349,343,402
1-B7129EDA.xml,398,492,471,534
1-AA9154CK.xml,469,556,428,491
1-B2255PFS.xml,248,463,534,581
1-D1887XGF.xml,498,569,432,505
1-B1052TMN.jpg,83,293,494,591
1-B1180NJJ.xml,215,388,374,477
1-B9088NAO.jpg,323,459,370,428
1-AD1889HC.xml,390,480,401,430
1-D1713LF.jpg,486,556,343,410
1-DD1397M.jpg,263,500,415,488
1-AD9461ZU.jpg,407,504,413,448
